sr_no,gender,race_ethnicity,parental_level_of_education,lunch,test_preparation_course,math_score,reading_score,writing_score
1,male,group B,bachelor's degree,standard,none,31,75,73
2,female,group B,high school,free/reduced,none,95,69,84
3,male,group E,some high school,standard,none,25,82,54
4,female,group C,associate's degree,standard,none,66,71,23
5,male,group D,some college,free/reduced,completed,86,27,31
6,female,group C,associate's degree,standard,completed,51,32,71
7,female,group D,associate's degree,standard,completed,85,95,78
8,female,group B,some high school,free/reduced,completed,63,77,78
9,female,group B,some high school,free/reduced,none,56,100,87
10,female,group C,master's degree,standard,none,61,83,90
11,female,group A,some high school,standard,none,27,28,41
12,female,group B,some high school,free/reduced,completed,46,100,52
13,female,group E,some college,free/reduced,none,22,50,100
14,male,group B,associate's degree,standard,none,49,70,81
15,female,group B,bachelor's degree,standard,none,22,42,22
16,female,group C,some high school,standard,completed,26,92,51
17,male,group A,bachelor's degree,free/reduced,completed,56,58,67
18,female,group E,bachelor's degree,free/reduced,completed,24,77,97
19,female,group B,associate's degree,standard,completed,52,89,31
20,female,group C,some high school,free/reduced,completed,54,61,93
21,male,group A,bachelor's degree,free/reduced,none,38,41,32
22,male,group A,associate's degree,free/reduced,none,83,64,33
23,female,group A,master's degree,free/reduced,completed,50,74,77
24,female,group B,some college,free/reduced,none,39,67,64
25,female,group C,master's degree,free/reduced,completed,50,40,22
26,male,group A,associate's degree,free/reduced,none,41,86,32
27,female,group A,master's degree,free/reduced,completed,86,65,50
28,female,group C,some college,standard,none,66,43,69
29,male,group D,some high school,free/reduced,none,67,20,71
30,male,group B,some college,standard,completed,82,60,82
31,female,group C,high school,free/reduced,completed,47,30,35
32,female,group C,master's degree,standard,none,20,70,50
33,female,group D,some high school,standard,none,26,31,97
34,female,group E,master's degree,standard,none,68,72,56
35,female,group E,some college,standard,none,79,30,79
36,female,group B,associate's degree,free/reduced,completed,75,67,79
37,female,group D,bachelor's degree,free/reduced,none,28,53,84
38,female,group D,some college,free/reduced,none,76,97,42
39,female,group C,associate's degree,free/reduced,none,96,51,94
40,male,group A,bachelor's degree,free/reduced,none,80,74,52
41,male,group E,some high school,free/reduced,completed,73,61,97
42,male,group B,master's degree,free/reduced,completed,74,92,85
43,male,group B,master's degree,free/reduced,completed,77,59,55
44,female,group A,associate's degree,free/reduced,none,89,68,68
45,male,group D,high school,free/reduced,completed,76,82,34
46,male,group E,bachelor's degree,standard,completed,28,23,97
47,male,group E,associate's degree,standard,completed,62,94,62
48,male,group E,some high school,standard,none,81,52,48
49,female,group E,some college,free/reduced,completed,98,47,44
50,female,group C,bachelor's degree,standard,none,85,53,32
51,female,group C,some college,free/reduced,completed,64,26,47
52,male,group B,some college,free/reduced,completed,77,74,97
53,female,group D,master's degree,standard,completed,26,20,63
54,female,group E,high school,free/reduced,completed,77,35,73
55,male,group C,some high school,free/reduced,none,58,89,59
56,female,group B,some high school,standard,none,61,31,90
57,female,group B,high school,free/reduced,completed,76,67,56
58,male,group B,high school,standard,none,54,80,33
59,female,group C,master's degree,standard,none,90,83,35
60,female,group A,associate's degree,standard,completed,80,64,94
61,male,group A,associate's degree,standard,completed,51,94,80
62,male,group C,bachelor's degree,free/reduced,none,41,71,83
63,female,group D,some college,standard,completed,44,33,26
64,female,group C,associate's degree,free/reduced,none,85,30,47
65,female,group E,associate's degree,standard,completed,56,86,31
66,male,group A,master's degree,standard,completed,96,38,44
67,male,group D,some college,free/reduced,completed,94,58,39
68,male,group D,master's degree,free/reduced,completed,90,93,83
69,female,group A,master's degree,standard,completed,80,89,98
70,male,group A,some college,free/reduced,none,95,79,41
71,male,group C,associate's degree,standard,none,97,68,58
72,female,group E,high school,free/reduced,none,77,32,87
73,female,group C,master's degree,standard,completed,54,38,21
74,male,group A,some college,standard,completed,29,23,57
75,male,group A,master's degree,free/reduced,none,100,63,26
76,male,group B,associate's degree,free/reduced,none,40,32,58
77,female,group C,associate's degree,free/reduced,completed,40,29,81
78,male,group D,master's degree,standard,completed,95,58,60
79,male,group B,associate's degree,standard,none,67,41,22
80,female,group D,some college,standard,none,61,87,82
81,male,group A,associate's degree,free/reduced,none,90,67,93
82,male,group D,associate's degree,standard,none,90,88,92
83,female,group E,bachelor's degree,free/reduced,none,64,30,26
84,male,group B,associate's degree,standard,none,21,59,66
85,female,group E,some college,free/reduced,completed,22,25,61
86,male,group D,associate's degree,free/reduced,none,71,80,99
87,male,group C,high school,free/reduced,none,91,61,58
88,male,group B,some college,standard,none,52,89,34
89,female,group B,master's degree,free/reduced,completed,85,90,28
90,male,group C,bachelor's degree,standard,completed,44,55,31
91,male,group B,some college,free/reduced,none,92,58,41
92,female,group B,high school,free/reduced,completed,73,64,40
93,female,group D,master's degree,standard,completed,80,23,47
94,male,group C,bachelor's degree,free/reduced,none,83,30,21
95,female,group D,some college,standard,none,27,49,95
96,female,group D,associate's degree,free/reduced,completed,51,20,65
97,male,group E,master's degree,standard,completed,89,60,83
98,female,group C,some college,free/reduced,none,46,30,33
99,male,group D,high school,free/reduced,none,93,39,31
100,male,group C,some high school,free/reduced,completed,20,66,39
101,female,group C,high school,free/reduced,completed,47,60,64
102,female,group E,some college,free/reduced,completed,91,47,31
103,female,group C,bachelor's degree,standard,none,36,69,76
104,male,group D,high school,standard,none,93,82,74
105,male,group E,some college,free/reduced,none,82,100,59
106,female,group B,master's degree,free/reduced,completed,38,65,50
107,male,group D,bachelor's degree,standard,none,40,92,87
108,female,group B,high school,free/reduced,completed,58,48,61
109,male,group C,high school,standard,none,33,68,45
110,male,group B,some high school,standard,completed,31,38,100
111,female,group C,high school,standard,none,43,84,23
112,male,group C,some high school,free/reduced,none,85,60,31
113,male,group E,associate's degree,free/reduced,none,92,44,21
114,female,group C,high school,free/reduced,completed,78,72,58
115,male,group A,bachelor's degree,standard,none,36,77,54
116,male,group E,bachelor's degree,free/reduced,completed,64,93,64
117,male,group C,master's degree,free/reduced,none,98,83,95
118,female,group B,some high school,standard,completed,62,83,30
119,male,group E,some college,standard,completed,56,68,32
120,female,group A,master's degree,standard,none,91,83,65
121,male,group C,some high school,standard,none,24,21,24
122,female,group D,associate's degree,free/reduced,completed,28,90,35
123,female,group C,some high school,free/reduced,completed,35,45,79
124,male,group C,master's degree,free/reduced,none,29,40,33
125,female,group A,associate's degree,standard,completed,23,38,64
126,male,group D,some high school,standard,none,66,24,33
127,female,group D,some high school,free/reduced,completed,63,30,94
128,female,group A,some high school,free/reduced,completed,78,93,28
129,female,group A,some college,standard,completed,40,60,30
130,female,group E,some college,free/reduced,none,72,37,54
131,female,group B,master's degree,free/reduced,completed,35,92,76
132,female,group E,associate's degree,free/reduced,completed,45,27,75
133,male,group A,associate's degree,standard,none,52,26,92
134,male,group D,master's degree,standard,completed,50,42,99
135,male,group A,associate's degree,free/reduced,none,100,63,43
136,female,group D,high school,free/reduced,none,93,72,28
137,female,group A,some college,free/reduced,completed,67,33,40
138,male,group D,some college,free/reduced,completed,100,29,56
139,male,group D,high school,free/reduced,none,35,39,79
140,female,group A,master's degree,free/reduced,none,49,64,55
141,female,group D,some high school,standard,none,56,27,22
142,female,group D,associate's degree,standard,none,95,40,85
143,female,group B,high school,standard,completed,94,83,59
144,female,group A,some college,standard,none,35,56,73
145,male,group E,associate's degree,free/reduced,none,81,78,96
146,male,group E,some high school,free/reduced,completed,27,85,70
147,female,group A,associate's degree,free/reduced,completed,57,64,36
148,male,group E,master's degree,free/reduced,none,27,35,55
149,female,group E,some high school,standard,completed,61,35,31
150,female,group D,associate's degree,free/reduced,none,50,60,43
151,male,group E,master's degree,free/reduced,none,51,59,30
152,male,group D,high school,standard,completed,26,51,69
153,male,group D,some college,free/reduced,completed,48,38,38
154,female,group D,high school,standard,completed,75,77,65
155,male,group B,associate's degree,standard,completed,80,91,74
156,male,group B,high school,free/reduced,completed,49,73,27
157,male,group D,master's degree,free/reduced,none,60,52,47
158,male,group C,some college,free/reduced,none,76,74,78
159,female,group D,some college,free/reduced,completed,48,70,53
160,female,group C,associate's degree,free/reduced,none,57,87,65
161,male,group B,high school,standard,none,54,37,94
162,male,group E,high school,free/reduced,none,83,34,35
163,female,group C,some college,standard,none,92,26,36
164,male,group C,master's degree,standard,none,22,79,53
165,male,group D,master's degree,standard,none,67,66,73
166,male,group B,high school,standard,completed,22,58,35
167,female,group B,bachelor's degree,free/reduced,completed,67,94,87
168,female,group C,master's degree,free/reduced,none,36,24,84
169,female,group E,some college,free/reduced,completed,89,20,91
170,female,group D,associate's degree,standard,none,63,83,70
171,female,group A,bachelor's degree,standard,completed,89,76,88
172,female,group C,high school,free/reduced,completed,23,77,47
173,male,group B,master's degree,free/reduced,none,56,86,90
174,male,group C,some high school,standard,none,36,24,58
175,male,group B,associate's degree,free/reduced,none,54,54,36
176,male,group D,associate's degree,free/reduced,none,74,43,82
177,male,group A,bachelor's degree,free/reduced,completed,84,20,53
178,male,group B,associate's degree,standard,completed,27,73,64
179,male,group B,bachelor's degree,standard,none,36,31,23
180,female,group D,associate's degree,standard,none,66,50,59
181,female,group B,some high school,free/reduced,completed,46,98,56
182,male,group C,associate's degree,free/reduced,none,64,68,54
183,female,group C,high school,free/reduced,completed,51,61,51
184,male,group E,master's degree,free/reduced,none,82,23,92
185,female,group E,some college,standard,completed,98,72,32
186,male,group C,high school,free/reduced,none,53,32,92
187,female,group E,high school,standard,none,67,68,43
188,male,group C,some high school,free/reduced,completed,32,31,88
189,female,group E,associate's degree,standard,completed,23,53,37
190,male,group A,some high school,free/reduced,none,100,46,76
191,female,group E,high school,free/reduced,completed,90,75,81
192,male,group D,some college,standard,completed,22,60,50
193,male,group C,master's degree,standard,none,52,88,47
194,male,group B,high school,free/reduced,none,57,51,39
195,female,group E,associate's degree,free/reduced,completed,24,93,35
196,female,group B,some college,standard,none,77,84,40
197,male,group B,some high school,free/reduced,none,85,88,26
198,male,group B,high school,free/reduced,completed,86,93,67
199,male,group C,bachelor's degree,free/reduced,completed,21,39,89
200,male,group D,associate's degree,standard,completed,63,72,31
201,female,group A,master's degree,free/reduced,none,31,40,88
202,male,group E,associate's degree,free/reduced,none,83,61,79
203,female,group D,high school,standard,completed,67,52,49
204,male,group C,high school,standard,none,46,58,85
205,female,group E,some high school,standard,none,58,24,80
206,male,group A,some high school,free/reduced,completed,66,80,27
207,female,group A,bachelor's degree,free/reduced,completed,43,71,42
208,female,group B,some college,free/reduced,none,65,35,35
209,female,group A,master's degree,standard,none,92,72,99
210,male,group B,some college,standard,completed,84,42,86
211,female,group D,bachelor's degree,free/reduced,none,34,51,57
212,female,group A,some college,free/reduced,none,62,59,65
213,female,group E,bachelor's degree,free/reduced,none,55,100,90
214,male,group A,high school,free/reduced,none,58,55,61
215,male,group D,associate's degree,standard,completed,31,47,83
216,female,group A,some college,free/reduced,none,40,37,74
217,male,group A,some college,standard,none,82,94,83
218,female,group B,high school,free/reduced,completed,94,84,96
219,male,group E,high school,standard,completed,43,88,77
220,male,group C,high school,free/reduced,none,64,87,30
221,male,group E,master's degree,free/reduced,completed,97,89,28
222,female,group C,high school,free/reduced,none,67,31,66
223,male,group D,high school,free/reduced,none,72,77,45
224,female,group A,associate's degree,standard,completed,28,93,62
225,female,group C,high school,free/reduced,none,34,22,39
226,male,group A,high school,free/reduced,completed,22,38,46
227,female,group D,high school,standard,completed,95,95,71
228,female,group B,associate's degree,free/reduced,none,80,71,45
229,female,group B,associate's degree,standard,none,63,94,56
230,female,group A,high school,standard,none,100,56,74
231,female,group A,high school,standard,completed,61,37,80
232,female,group A,some high school,free/reduced,completed,80,99,81
233,female,group A,some high school,free/reduced,none,83,34,56
234,male,group E,bachelor's degree,free/reduced,completed,35,44,100
235,female,group B,high school,standard,none,86,100,56
236,male,group A,some high school,free/reduced,none,30,62,93
237,male,group A,master's degree,free/reduced,none,55,37,82
238,male,group E,some high school,free/reduced,none,72,92,77
239,male,group B,some college,standard,completed,42,30,76
240,male,group E,bachelor's degree,standard,completed,24,24,69
241,male,group A,bachelor's degree,free/reduced,none,74,31,71
242,male,group E,associate's degree,standard,none,63,40,21
243,female,group C,master's degree,standard,none,56,47,35
244,female,group C,high school,standard,completed,58,41,77
245,male,group D,associate's degree,free/reduced,completed,97,25,48
246,male,group B,some college,standard,completed,27,44,69
247,female,group B,associate's degree,standard,completed,50,29,69
248,male,group D,bachelor's degree,standard,completed,29,65,24
249,female,group E,master's degree,standard,completed,46,31,45
250,male,group E,associate's degree,free/reduced,none,98,79,95
251,female,group B,bachelor's degree,free/reduced,none,86,84,43
252,male,group C,some college,standard,completed,82,89,51
253,male,group C,some college,free/reduced,none,73,45,21
254,female,group C,bachelor's degree,standard,none,20,30,47
255,male,group A,some high school,free/reduced,completed,62,58,51
256,female,group B,high school,free/reduced,none,60,86,52
257,male,group B,high school,standard,completed,80,49,25
258,male,group D,master's degree,free/reduced,none,58,67,54
259,female,group B,master's degree,free/reduced,none,76,100,99
260,male,group E,bachelor's degree,free/reduced,completed,21,43,84
261,male,group D,master's degree,standard,none,23,39,77
262,male,group C,some high school,standard,none,21,43,94
263,male,group A,master's degree,free/reduced,none,94,92,81
264,female,group D,some high school,free/reduced,completed,90,85,80
265,female,group E,bachelor's degree,free/reduced,completed,73,55,34
266,male,group D,associate's degree,standard,completed,72,91,34
267,male,group C,master's degree,free/reduced,completed,42,61,96
268,male,group D,some high school,standard,none,58,84,99
269,male,group E,associate's degree,free/reduced,completed,24,85,28
270,female,group B,associate's degree,free/reduced,none,97,46,79
271,male,group E,bachelor's degree,free/reduced,none,95,80,90
272,male,group E,master's degree,standard,none,80,48,80
273,female,group C,some high school,standard,none,30,93,91
274,female,group D,master's degree,free/reduced,completed,89,72,54
275,female,group A,some high school,free/reduced,none,73,33,92
276,female,group C,bachelor's degree,standard,completed,84,20,64
277,female,group E,associate's degree,free/reduced,completed,35,84,72
278,male,group A,some high school,free/reduced,completed,55,36,38
279,male,group E,high school,free/reduced,none,79,26,69
280,female,group B,some high school,free/reduced,none,71,77,72
281,female,group B,associate's degree,standard,none,88,24,49
282,male,group E,master's degree,free/reduced,completed,95,40,54
283,female,group C,some college,standard,completed,80,94,52
284,male,group B,some high school,free/reduced,none,56,61,69
285,male,group A,some college,free/reduced,completed,67,83,67
286,female,group A,some high school,free/reduced,none,37,55,26
287,male,group C,associate's degree,free/reduced,completed,44,70,88
288,male,group C,some high school,standard,none,52,26,39
289,male,group D,associate's degree,free/reduced,completed,45,85,54
290,male,group C,some high school,standard,none,93,30,44
291,male,group B,high school,free/reduced,none,29,36,60
292,female,group C,some high school,standard,completed,70,70,91
293,female,group E,bachelor's degree,free/reduced,completed,29,79,24
294,female,group D,bachelor's degree,free/reduced,none,56,42,54
295,female,group A,associate's degree,standard,completed,53,30,62
296,male,group B,bachelor's degree,standard,none,59,83,81
297,male,group A,master's degree,standard,none,58,77,56
298,male,group A,associate's degree,standard,none,32,51,88
299,male,group B,some college,standard,none,47,94,74
300,male,group A,some college,standard,none,56,63,27
301,female,group D,some college,standard,completed,87,26,85
302,male,group A,bachelor's degree,free/reduced,none,45,32,44
303,female,group A,high school,free/reduced,none,75,94,63
304,female,group E,associate's degree,free/reduced,completed,79,26,49
305,female,group A,high school,free/reduced,none,82,42,72
306,male,group B,bachelor's degree,standard,completed,74,42,64
307,male,group A,some college,standard,completed,76,85,79
308,male,group B,some college,standard,none,26,26,88
309,male,group B,some high school,standard,completed,31,22,31
310,male,group A,master's degree,free/reduced,none,85,90,22
311,female,group B,associate's degree,free/reduced,completed,90,58,67
312,male,group C,bachelor's degree,free/reduced,completed,77,33,94
313,female,group D,some college,free/reduced,completed,31,64,77
314,female,group D,bachelor's degree,free/reduced,completed,33,99,59
315,male,group A,high school,standard,completed,95,40,52
316,female,group B,bachelor's degree,free/reduced,completed,83,57,81
317,male,group E,some college,free/reduced,none,70,69,37
318,male,group C,bachelor's degree,standard,none,95,64,53
319,female,group C,master's degree,standard,completed,27,34,38
320,male,group C,associate's degree,free/reduced,none,51,82,44
321,male,group B,some college,free/reduced,completed,32,98,62
322,female,group A,bachelor's degree,standard,none,38,22,67
323,female,group A,bachelor's degree,standard,completed,84,55,83
324,male,group A,high school,standard,none,72,50,28
325,male,group D,bachelor's degree,standard,none,41,72,73
326,male,group B,master's degree,standard,none,99,57,81
327,male,group D,some high school,standard,completed,70,74,31
328,male,group B,some college,standard,none,58,89,31
329,male,group B,master's degree,standard,completed,37,51,87
330,female,group C,high school,free/reduced,completed,89,30,92
331,female,group A,associate's degree,standard,completed,99,31,80
332,male,group C,associate's degree,standard,completed,22,46,59
333,female,group B,bachelor's degree,free/reduced,none,82,91,72
334,male,group B,master's degree,standard,none,99,67,29
335,male,group B,high school,standard,completed,49,93,87
336,female,group E,some high school,free/reduced,completed,50,34,56
337,male,group E,associate's degree,standard,completed,63,69,27
338,female,group C,bachelor's degree,standard,completed,27,54,88
339,female,group D,some high school,standard,completed,24,90,75
340,male,group E,high school,standard,completed,72,85,82
341,female,group C,bachelor's degree,free/reduced,none,20,82,89
342,male,group D,some college,free/reduced,none,24,53,21
343,female,group D,some college,standard,completed,40,36,94
344,male,group E,high school,standard,completed,45,35,72
345,male,group A,some high school,standard,completed,84,48,46
346,male,group D,high school,standard,completed,91,42,64
347,female,group E,master's degree,free/reduced,none,28,100,40
348,male,group A,bachelor's degree,standard,none,90,68,68
349,female,group E,master's degree,free/reduced,none,85,50,20
350,female,group E,some college,standard,none,79,34,81
351,female,group A,high school,standard,none,38,39,45
352,male,group D,bachelor's degree,standard,completed,45,96,26
353,male,group A,some high school,free/reduced,completed,54,44,86
354,male,group A,master's degree,free/reduced,none,49,31,93
355,male,group A,bachelor's degree,free/reduced,none,88,76,67
356,female,group A,associate's degree,free/reduced,completed,59,43,81
357,female,group D,some high school,standard,completed,23,85,49
358,male,group B,high school,standard,none,75,31,79
359,male,group E,master's degree,standard,completed,42,87,29
360,female,group E,associate's degree,free/reduced,none,26,23,29
361,male,group E,bachelor's degree,standard,none,49,24,20
362,male,group E,high school,free/reduced,none,72,76,58
363,male,group C,some college,standard,none,53,48,75
364,male,group B,some high school,free/reduced,none,74,50,30
365,male,group C,some college,standard,completed,80,50,43
366,female,group D,high school,free/reduced,completed,100,59,91
367,male,group A,master's degree,standard,completed,21,40,32
368,male,group B,associate's degree,standard,none,48,85,51
369,female,group C,some college,standard,none,55,30,96
370,male,group C,bachelor's degree,standard,none,73,79,72
371,male,group C,bachelor's degree,standard,none,64,100,53
372,male,group D,some high school,standard,none,51,31,30
373,female,group E,some college,free/reduced,none,26,98,53
374,male,group A,high school,standard,completed,100,85,89
375,male,group A,master's degree,standard,none,93,45,99
376,male,group D,master's degree,standard,completed,23,79,55
377,female,group E,some high school,free/reduced,completed,88,94,40
378,male,group D,some high school,standard,completed,54,25,93
379,male,group E,associate's degree,standard,none,21,34,28
380,male,group D,bachelor's degree,standard,completed,81,53,99
381,female,group B,bachelor's degree,free/reduced,completed,98,41,47
382,female,group B,high school,free/reduced,completed,37,37,64
383,male,group A,some high school,free/reduced,completed,81,61,76
384,male,group B,some high school,free/reduced,completed,26,94,74
385,male,group D,bachelor's degree,standard,completed,47,48,57
386,female,group E,some high school,free/reduced,none,55,97,73
387,female,group A,some high school,standard,completed,72,40,83
388,male,group B,associate's degree,free/reduced,none,63,80,29
389,female,group A,high school,free/reduced,none,78,24,56
390,male,group C,associate's degree,free/reduced,none,71,82,27
391,male,group D,master's degree,standard,none,93,21,52
392,female,group E,some college,standard,completed,79,44,62
393,female,group B,some college,free/reduced,completed,88,22,99
394,male,group A,high school,free/reduced,completed,81,96,53
395,male,group C,bachelor's degree,standard,none,25,23,47
396,male,group B,high school,free/reduced,none,68,75,30
397,female,group E,bachelor's degree,free/reduced,none,77,52,20
398,female,group C,bachelor's degree,standard,completed,92,49,49
399,male,group D,master's degree,standard,completed,48,65,36
400,male,group D,master's degree,free/reduced,completed,29,30,97
401,male,group B,some high school,free/reduced,none,23,95,76
402,female,group E,associate's degree,free/reduced,none,78,71,73
403,male,group B,high school,standard,none,41,78,81
404,male,group B,master's degree,free/reduced,none,21,63,61
405,female,group A,master's degree,free/reduced,completed,98,31,26
406,male,group E,bachelor's degree,standard,none,51,92,36
407,male,group D,some college,free/reduced,none,61,82,57
408,female,group D,high school,free/reduced,none,51,43,62
409,male,group A,some high school,free/reduced,none,92,83,88
410,female,group E,bachelor's degree,free/reduced,completed,45,56,23
411,female,group E,associate's degree,standard,completed,36,83,40
412,male,group B,some college,standard,none,36,80,41
413,male,group C,high school,standard,none,73,47,79
414,male,group A,high school,free/reduced,completed,62,87,75
415,female,group B,some college,standard,none,67,59,79
416,male,group E,high school,standard,completed,42,76,76
417,female,group A,bachelor's degree,free/reduced,completed,68,54,84
418,female,group D,associate's degree,standard,completed,59,48,48
419,female,group C,master's degree,free/reduced,none,65,79,98
420,female,group E,master's degree,free/reduced,completed,59,87,24
421,male,group D,master's degree,standard,none,77,36,70
422,male,group A,high school,free/reduced,completed,100,21,44
423,female,group B,some high school,free/reduced,none,52,36,99
424,male,group E,bachelor's degree,free/reduced,completed,29,84,64
425,male,group E,master's degree,standard,none,47,82,58
426,male,group C,associate's degree,standard,completed,67,22,33
427,male,group E,bachelor's degree,standard,completed,89,32,75
428,male,group C,some college,standard,none,57,29,85
429,male,group B,some high school,free/reduced,none,76,51,38
430,male,group C,some college,standard,completed,63,36,52
431,female,group D,associate's degree,standard,completed,92,54,94
432,female,group C,master's degree,standard,completed,48,28,58
433,female,group C,master's degree,free/reduced,completed,37,49,49
434,female,group E,bachelor's degree,standard,none,39,79,99
435,female,group D,some college,free/reduced,none,45,52,58
436,male,group A,master's degree,free/reduced,none,68,57,71
437,female,group D,some college,standard,completed,34,74,20
438,female,group E,high school,free/reduced,none,47,40,60
439,male,group C,master's degree,standard,completed,63,97,67
440,male,group A,some high school,standard,completed,64,68,53
441,female,group B,some college,free/reduced,none,62,92,55
442,male,group B,some college,standard,none,54,88,38
443,male,group B,some college,free/reduced,completed,40,52,53
444,male,group A,bachelor's degree,free/reduced,completed,72,38,50
445,male,group D,associate's degree,free/reduced,none,48,67,73
446,female,group B,associate's degree,free/reduced,completed,56,58,29
447,male,group C,high school,standard,completed,37,52,35
448,female,group C,some high school,free/reduced,completed,76,76,25
449,male,group B,associate's degree,standard,completed,28,83,91
450,female,group E,master's degree,standard,completed,81,64,66
451,female,group E,some college,standard,none,87,65,76
452,male,group E,master's degree,free/reduced,completed,37,94,83
453,male,group A,high school,standard,completed,98,78,63
454,female,group D,bachelor's degree,standard,none,73,80,56
455,male,group D,bachelor's degree,free/reduced,completed,52,89,89
456,female,group D,high school,standard,completed,40,100,72
457,female,group C,some college,free/reduced,none,91,53,55
458,male,group A,master's degree,standard,completed,94,46,37
459,female,group C,associate's degree,free/reduced,completed,34,90,49
460,female,group A,some high school,standard,none,77,66,35
461,female,group B,associate's degree,free/reduced,completed,71,76,55
462,male,group C,bachelor's degree,free/reduced,completed,89,58,73
463,female,group D,bachelor's degree,standard,none,64,56,90
464,female,group C,some high school,free/reduced,none,39,39,44
465,female,group B,bachelor's degree,free/reduced,completed,49,26,67
466,female,group E,some high school,standard,none,52,74,86
467,female,group D,some high school,free/reduced,none,58,53,23
468,male,group D,associate's degree,standard,none,35,99,43
469,male,group A,associate's degree,standard,none,80,85,91
470,male,group B,master's degree,free/reduced,completed,60,45,99
471,male,group B,bachelor's degree,free/reduced,completed,41,70,67
472,female,group A,some high school,standard,completed,91,60,51
473,male,group A,high school,free/reduced,none,50,78,85
474,male,group E,some college,free/reduced,completed,94,95,65
475,male,group B,some high school,standard,completed,35,38,26
476,male,group D,high school,standard,completed,95,55,99
477,female,group E,some college,standard,completed,33,55,30
478,male,group B,bachelor's degree,free/reduced,none,42,63,84
479,female,group D,master's degree,standard,none,78,32,80
480,male,group D,master's degree,standard,completed,54,67,76
481,female,group D,bachelor's degree,standard,completed,26,97,89
482,female,group C,some high school,free/reduced,completed,45,76,57
483,female,group A,some college,standard,none,62,23,85
484,female,group B,some high school,standard,none,89,65,98
485,male,group D,high school,standard,completed,24,82,57
486,male,group B,some college,standard,completed,94,56,23
487,female,group B,some high school,free/reduced,none,71,22,83
488,female,group C,high school,standard,completed,70,63,93
489,male,group D,high school,free/reduced,none,63,92,85
490,female,group E,some high school,standard,completed,42,70,70
491,female,group A,bachelor's degree,standard,none,85,32,89
492,male,group B,some high school,standard,completed,73,94,97
493,female,group D,bachelor's degree,free/reduced,completed,73,27,21
494,female,group B,bachelor's degree,standard,none,25,52,67
495,male,group D,some high school,free/reduced,completed,30,46,71
496,male,group B,associate's degree,free/reduced,completed,96,22,72
497,male,group D,master's degree,free/reduced,completed,26,69,61
498,male,group D,some high school,standard,completed,23,62,27
499,male,group A,some college,free/reduced,completed,21,29,23
500,female,group D,master's degree,free/reduced,completed,25,47,90
501,female,group B,some high school,standard,completed,54,41,67
502,male,group E,master's degree,standard,completed,23,94,54
503,female,group C,some high school,standard,completed,47,84,64
504,female,group B,some college,standard,completed,93,52,79
505,male,group D,some college,free/reduced,completed,94,42,87
506,female,group D,associate's degree,free/reduced,completed,54,64,87
507,female,group A,some high school,standard,none,71,87,46
508,male,group D,master's degree,free/reduced,none,46,87,48
509,male,group D,master's degree,standard,none,99,47,40
510,female,group D,some high school,standard,completed,30,36,35
511,male,group A,some college,standard,none,34,50,38
512,male,group C,some college,free/reduced,completed,64,31,75
513,male,group D,master's degree,free/reduced,none,57,60,76
514,female,group D,high school,standard,none,47,20,60
515,male,group C,bachelor's degree,free/reduced,completed,31,44,31
516,male,group B,some high school,free/reduced,completed,88,75,69
517,male,group E,high school,standard,completed,52,28,46
518,female,group E,master's degree,free/reduced,none,65,75,63
519,female,group D,master's degree,free/reduced,completed,90,86,46
520,male,group C,high school,standard,none,28,49,74
521,male,group C,bachelor's degree,free/reduced,completed,68,34,62
522,female,group D,bachelor's degree,standard,completed,54,40,38
523,male,group D,bachelor's degree,free/reduced,completed,92,20,34
524,female,group E,some high school,free/reduced,completed,100,38,40
525,male,group A,associate's degree,free/reduced,completed,81,93,28
526,male,group E,master's degree,standard,none,89,86,73
527,female,group C,bachelor's degree,standard,none,83,91,76
528,male,group A,high school,free/reduced,none,41,39,22
529,female,group C,master's degree,free/reduced,none,79,57,43
530,female,group B,associate's degree,standard,none,36,81,90
531,female,group E,master's degree,free/reduced,completed,26,97,36
532,male,group E,some college,standard,none,20,41,64
533,male,group D,bachelor's degree,free/reduced,none,99,87,100
534,male,group B,high school,standard,completed,32,96,97
535,male,group E,master's degree,free/reduced,none,41,37,40
536,male,group E,some college,standard,none,74,48,48
537,female,group A,bachelor's degree,free/reduced,completed,25,71,67
538,male,group E,high school,free/reduced,completed,44,94,91
539,male,group D,high school,standard,none,66,44,94
540,male,group E,master's degree,free/reduced,completed,36,43,87
541,male,group A,bachelor's degree,standard,completed,31,71,92
542,male,group A,some high school,free/reduced,completed,49,88,77
543,male,group C,some college,free/reduced,none,24,70,40
544,male,group B,associate's degree,free/reduced,completed,70,58,75
545,female,group A,bachelor's degree,free/reduced,completed,63,47,53
546,male,group E,some college,free/reduced,none,33,41,52
547,male,group C,master's degree,free/reduced,none,93,91,60
548,male,group C,some high school,standard,none,33,94,60
549,female,group A,high school,standard,none,75,83,69
550,female,group C,associate's degree,free/reduced,completed,54,81,99
551,male,group D,some high school,free/reduced,completed,39,95,93
552,male,group C,master's degree,free/reduced,none,99,69,21
553,female,group C,master's degree,free/reduced,completed,47,53,46
554,male,group B,associate's degree,free/reduced,completed,61,84,37
555,male,group E,some high school,standard,completed,51,99,74
556,male,group D,some college,standard,completed,64,69,80
557,male,group C,high school,standard,completed,20,73,76
558,male,group A,master's degree,standard,completed,72,55,40
559,female,group A,high school,free/reduced,none,73,45,100
560,female,group C,bachelor's degree,standard,none,81,41,23
561,female,group A,high school,standard,completed,42,43,20
562,female,group C,some college,standard,completed,44,73,58
563,female,group A,master's degree,free/reduced,none,58,23,52
564,male,group C,some college,standard,completed,76,46,29
565,female,group A,some high school,standard,completed,89,53,93
566,female,group D,some college,free/reduced,none,96,32,75
567,female,group C,high school,free/reduced,none,98,59,73
568,female,group C,high school,standard,none,75,80,99
569,female,group C,bachelor's degree,standard,completed,35,83,70
570,female,group C,associate's degree,standard,none,45,47,57
571,male,group A,some college,standard,none,24,67,24
572,female,group B,high school,free/reduced,completed,79,35,26
573,male,group B,some college,standard,none,94,75,88
574,female,group A,some high school,standard,completed,26,20,71
575,female,group A,some college,standard,none,43,72,57
576,female,group C,master's degree,standard,none,37,97,42
577,male,group B,some high school,free/reduced,completed,61,90,95
578,male,group D,bachelor's degree,free/reduced,completed,95,37,98
579,male,group A,high school,free/reduced,none,34,25,72
580,female,group C,associate's degree,standard,none,35,78,56
581,male,group E,high school,free/reduced,completed,73,28,34
582,male,group D,bachelor's degree,standard,none,64,23,34
583,male,group B,high school,free/reduced,none,24,97,87
584,male,group A,some college,free/reduced,none,30,77,27
585,male,group A,master's degree,standard,none,50,90,25
586,male,group E,some high school,free/reduced,completed,34,66,92
587,female,group D,high school,standard,completed,48,53,100
588,female,group B,some high school,standard,completed,52,99,81
589,male,group A,master's degree,standard,none,41,46,96
590,female,group E,some high school,standard,completed,61,60,46
591,male,group D,bachelor's degree,standard,completed,42,91,59
592,male,group E,some college,standard,completed,53,24,27
593,female,group A,associate's degree,free/reduced,completed,68,97,40
594,male,group C,some college,standard,completed,96,61,59
595,male,group C,bachelor's degree,standard,completed,59,100,27
596,female,group E,some high school,standard,none,71,27,43
597,female,group B,associate's degree,standard,none,70,85,29
598,male,group A,master's degree,free/reduced,completed,53,51,97
599,female,group C,some high school,standard,none,22,34,20
600,male,group B,associate's degree,free/reduced,none,58,35,68
601,male,group C,some college,free/reduced,completed,40,68,48
602,female,group D,master's degree,standard,completed,53,30,85
603,female,group E,master's degree,free/reduced,completed,50,98,94
604,male,group D,some high school,free/reduced,completed,44,83,26
605,female,group D,bachelor's degree,free/reduced,none,90,75,44
606,male,group B,high school,standard,none,98,92,28
607,female,group A,associate's degree,standard,none,25,47,77
608,male,group E,some college,standard,none,63,91,40
609,male,group A,some high school,standard,none,69,45,36
610,male,group E,associate's degree,free/reduced,none,78,99,63
611,female,group D,some college,free/reduced,none,80,45,26
612,male,group D,associate's degree,free/reduced,completed,23,31,92
613,female,group C,associate's degree,standard,completed,84,59,38
614,female,group E,associate's degree,standard,completed,61,26,74
615,male,group B,master's degree,free/reduced,none,46,94,33
616,female,group B,some college,standard,completed,92,22,71
617,male,group D,master's degree,standard,completed,68,29,91
618,female,group E,bachelor's degree,standard,completed,44,64,53
619,female,group C,high school,standard,completed,51,37,88
620,male,group D,some college,standard,completed,59,61,56
621,female,group D,some high school,standard,completed,91,32,58
622,female,group D,some college,free/reduced,completed,45,26,59
623,female,group E,some high school,free/reduced,completed,63,22,31
624,female,group C,bachelor's degree,standard,completed,26,58,89
625,male,group D,master's degree,free/reduced,completed,47,99,88
626,female,group B,some college,free/reduced,none,88,22,98
627,female,group A,some high school,free/reduced,none,85,97,27
628,female,group A,bachelor's degree,standard,none,86,99,93
629,female,group E,some college,free/reduced,completed,86,85,22
630,male,group E,some college,free/reduced,completed,34,64,63
631,male,group A,some high school,standard,none,98,56,74
632,female,group E,some high school,standard,completed,50,50,25
633,female,group E,high school,standard,none,81,67,97
634,male,group B,some college,standard,none,25,37,63
635,male,group C,bachelor's degree,standard,completed,92,61,33
636,female,group D,some high school,free/reduced,completed,79,21,97
637,male,group E,associate's degree,standard,none,90,70,69
638,male,group A,some college,standard,completed,78,39,75
639,female,group D,some college,free/reduced,completed,92,38,50
640,female,group B,associate's degree,free/reduced,none,36,92,83
641,female,group B,associate's degree,standard,completed,59,86,100
642,female,group E,some high school,standard,completed,85,57,70
643,male,group E,high school,standard,none,94,22,86
644,male,group E,master's degree,standard,none,22,30,90
645,male,group C,master's degree,standard,none,35,43,59
646,female,group C,some high school,free/reduced,completed,27,91,73
647,female,group C,some college,standard,none,61,21,25
648,male,group A,high school,standard,none,99,82,56
649,female,group A,master's degree,standard,none,83,30,63
650,female,group D,some high school,standard,none,97,38,62
651,female,group B,master's degree,standard,none,61,73,69
652,female,group B,some high school,free/reduced,completed,100,30,48
653,male,group D,bachelor's degree,standard,completed,97,67,38
654,male,group C,bachelor's degree,standard,none,53,93,88
655,male,group B,some college,free/reduced,none,42,66,57
656,male,group C,high school,free/reduced,completed,67,33,40
657,male,group E,some high school,standard,completed,82,79,95
658,male,group B,some college,standard,none,45,81,63
659,female,group B,some high school,standard,completed,73,21,74
660,male,group D,bachelor's degree,standard,none,58,96,96
661,male,group A,high school,standard,completed,59,29,73
662,female,group D,associate's degree,free/reduced,none,98,65,50
663,female,group A,associate's degree,free/reduced,none,54,93,80
664,female,group D,master's degree,standard,completed,62,58,30
665,male,group D,high school,free/reduced,completed,89,73,84
666,female,group B,some high school,free/reduced,completed,74,83,53
667,female,group D,master's degree,free/reduced,none,56,98,40
668,female,group C,some college,standard,none,21,42,94
669,male,group A,master's degree,free/reduced,completed,97,53,45
670,male,group C,some high school,standard,none,43,80,22
671,male,group E,some high school,free/reduced,completed,30,62,72
672,female,group D,master's degree,standard,completed,60,100,61
673,male,group E,associate's degree,standard,completed,25,89,23
674,male,group E,bachelor's degree,standard,completed,89,56,87
675,female,group D,master's degree,standard,none,34,53,30
676,male,group B,master's degree,free/reduced,completed,23,37,54
677,female,group C,high school,standard,completed,71,95,64
678,female,group E,associate's degree,standard,none,80,75,32
679,female,group D,some high school,free/reduced,none,54,71,63
680,female,group A,bachelor's degree,standard,completed,38,49,42
681,female,group E,bachelor's degree,free/reduced,completed,57,36,71
682,female,group B,associate's degree,free/reduced,completed,39,34,37
683,male,group C,some college,free/reduced,completed,59,91,72
684,male,group B,high school,standard,none,25,95,21
685,male,group D,bachelor's degree,standard,completed,51,87,31
686,female,group B,bachelor's degree,standard,none,23,99,61
687,male,group E,master's degree,free/reduced,completed,28,95,74
688,male,group C,master's degree,standard,none,69,75,87
689,male,group E,bachelor's degree,standard,none,55,44,25
690,male,group C,high school,standard,none,30,67,82
691,female,group E,associate's degree,standard,completed,59,50,50
692,female,group A,bachelor's degree,free/reduced,completed,88,35,97
693,female,group A,high school,free/reduced,none,69,26,57
694,male,group D,master's degree,free/reduced,completed,69,29,56
695,male,group E,associate's degree,standard,completed,73,100,82
696,female,group A,high school,standard,none,40,57,24
697,male,group E,some high school,standard,completed,41,98,74
698,male,group A,high school,free/reduced,none,59,37,73
699,female,group A,high school,standard,none,63,74,52
700,male,group A,high school,free/reduced,completed,27,57,41
701,female,group A,bachelor's degree,free/reduced,completed,99,67,71
702,male,group A,bachelor's degree,free/reduced,completed,58,100,54
703,female,group C,some college,standard,completed,53,35,22
704,female,group A,master's degree,standard,none,71,21,61
705,female,group D,bachelor's degree,standard,completed,75,81,99
706,male,group C,master's degree,free/reduced,none,65,52,51
707,female,group D,high school,standard,completed,79,80,73
708,male,group A,high school,free/reduced,none,61,67,52
709,male,group B,master's degree,free/reduced,none,81,89,77
710,female,group D,bachelor's degree,standard,completed,91,59,35
711,female,group C,some high school,standard,completed,66,94,60
712,female,group A,bachelor's degree,free/reduced,completed,69,62,42
713,female,group D,bachelor's degree,free/reduced,none,84,55,65
714,female,group E,some high school,free/reduced,completed,56,68,62
715,male,group B,associate's degree,free/reduced,completed,99,76,27
716,male,group C,master's degree,standard,none,32,97,35
717,female,group A,high school,standard,completed,90,70,36
718,male,group E,some college,standard,none,37,46,98
719,male,group D,associate's degree,free/reduced,completed,37,30,76
720,female,group D,bachelor's degree,standard,completed,42,81,41
721,male,group E,high school,standard,completed,61,55,40
722,male,group A,some high school,free/reduced,completed,20,57,96
723,female,group A,bachelor's degree,free/reduced,none,82,88,42
724,female,group D,master's degree,standard,completed,45,33,100
725,female,group C,associate's degree,standard,completed,73,29,80
726,male,group C,bachelor's degree,free/reduced,none,43,25,80
727,male,group A,some high school,free/reduced,completed,80,24,68
728,male,group D,some college,free/reduced,none,42,72,57
729,female,group B,high school,standard,none,53,44,89
730,male,group B,some college,standard,none,42,27,93
731,male,group B,high school,free/reduced,completed,85,47,90
732,female,group D,high school,free/reduced,completed,65,65,73
733,female,group D,some high school,free/reduced,none,62,26,65
734,male,group E,master's degree,free/reduced,none,62,82,94
735,male,group D,some college,free/reduced,completed,26,66,54
736,female,group A,some high school,standard,none,89,80,71
737,female,group C,master's degree,free/reduced,none,90,97,64
738,male,group D,some high school,standard,none,94,86,80
739,male,group D,high school,free/reduced,completed,68,69,82
740,male,group C,some college,free/reduced,none,40,88,60
741,male,group E,master's degree,free/reduced,none,52,87,26
742,male,group D,bachelor's degree,free/reduced,none,41,42,62
743,male,group E,master's degree,free/reduced,none,55,77,28
744,female,group B,some college,standard,none,53,64,69
745,female,group C,bachelor's degree,free/reduced,none,92,53,23
746,male,group A,some high school,standard,none,42,76,81
747,female,group C,some college,standard,none,31,35,65
748,female,group B,bachelor's degree,standard,completed,26,71,39
749,male,group B,high school,standard,completed,98,79,35
750,male,group B,bachelor's degree,standard,completed,53,75,48
751,female,group B,bachelor's degree,standard,none,36,24,49
752,male,group B,master's degree,free/reduced,none,65,58,97
753,female,group E,associate's degree,free/reduced,none,20,76,40
754,female,group C,high school,free/reduced,none,76,23,43
755,female,group D,high school,standard,completed,20,28,41
756,female,group E,bachelor's degree,standard,completed,24,40,88
757,male,group B,high school,standard,completed,99,97,68
758,female,group B,master's degree,free/reduced,completed,66,55,44
759,male,group A,some college,free/reduced,completed,24,76,52
760,male,group C,high school,standard,completed,54,76,37
761,male,group B,some college,free/reduced,completed,43,26,85
762,female,group A,some college,free/reduced,none,89,58,84
763,male,group A,high school,standard,completed,79,64,86
764,female,group D,some high school,free/reduced,none,84,79,57
765,female,group A,some college,standard,none,50,79,26
766,male,group A,high school,standard,completed,77,53,64
767,male,group A,master's degree,standard,completed,27,55,52
768,female,group B,associate's degree,free/reduced,completed,87,86,62
769,female,group B,master's degree,free/reduced,completed,45,21,96
770,male,group B,master's degree,standard,none,93,84,56
771,female,group B,some college,standard,completed,77,23,24
772,male,group B,some high school,free/reduced,none,89,34,40
773,female,group B,some high school,free/reduced,none,69,35,35
774,male,group E,bachelor's degree,standard,none,98,64,76
775,female,group E,some high school,free/reduced,completed,78,33,77
776,male,group B,some high school,free/reduced,completed,46,49,38
777,female,group B,some college,free/reduced,completed,74,92,87
778,female,group B,some high school,standard,none,89,100,74
779,male,group D,high school,standard,completed,33,82,53
780,female,group C,associate's degree,standard,none,77,89,44
781,male,group D,master's degree,free/reduced,none,78,32,48
782,female,group E,bachelor's degree,standard,none,90,35,61
783,male,group A,associate's degree,standard,completed,66,68,61
784,female,group B,master's degree,free/reduced,completed,74,72,100
785,male,group C,some high school,free/reduced,none,38,58,35
786,female,group D,bachelor's degree,free/reduced,completed,31,63,23
787,female,group B,some high school,free/reduced,completed,50,31,73
788,male,group A,associate's degree,free/reduced,completed,74,57,52
789,female,group D,some high school,standard,completed,98,59,88
790,male,group B,bachelor's degree,free/reduced,none,77,46,40
791,male,group D,associate's degree,standard,completed,66,27,25
792,female,group B,bachelor's degree,free/reduced,completed,44,21,77
793,male,group A,master's degree,free/reduced,completed,99,89,55
794,male,group A,bachelor's degree,standard,completed,57,36,25
795,male,group E,some college,free/reduced,none,31,69,97
796,male,group A,some high school,standard,completed,83,39,89
797,female,group B,high school,free/reduced,none,49,26,35
798,female,group B,some college,standard,completed,52,48,58
799,male,group D,some high school,free/reduced,none,27,69,60
800,female,group A,some high school,standard,completed,68,83,81
801,male,group B,some high school,standard,completed,77,28,82
802,male,group E,master's degree,standard,completed,51,71,64
803,female,group A,some high school,free/reduced,none,40,82,42
804,male,group A,master's degree,standard,completed,52,60,56
805,male,group E,high school,standard,completed,96,84,49
806,female,group A,some college,standard,completed,73,72,28
807,female,group D,master's degree,standard,none,91,22,86
808,male,group C,some high school,free/reduced,completed,89,86,33
809,female,group C,some college,standard,completed,80,38,40
810,male,group C,associate's degree,free/reduced,none,82,27,33
811,male,group D,master's degree,free/reduced,completed,99,96,47
812,female,group B,master's degree,standard,none,85,78,98
813,female,group D,some college,free/reduced,none,47,77,93
814,male,group B,bachelor's degree,standard,completed,58,64,72
815,male,group C,some college,free/reduced,none,75,66,38
816,male,group E,bachelor's degree,standard,completed,35,59,97
817,female,group D,some high school,free/reduced,completed,94,75,31
818,male,group A,some high school,free/reduced,none,34,72,34
819,female,group B,master's degree,free/reduced,none,98,88,100
820,male,group C,bachelor's degree,free/reduced,none,38,72,40
821,male,group A,some college,free/reduced,none,66,88,87
822,male,group B,associate's degree,free/reduced,completed,90,63,91
823,female,group B,bachelor's degree,free/reduced,none,56,49,43
824,female,group D,some college,standard,completed,64,24,35
825,male,group B,some college,standard,completed,79,61,61
826,male,group D,bachelor's degree,free/reduced,completed,57,71,100
827,male,group B,bachelor's degree,standard,completed,65,24,24
828,male,group C,bachelor's degree,standard,none,54,21,77
829,male,group E,associate's degree,standard,completed,79,64,49
830,female,group B,master's degree,standard,none,87,64,41
831,male,group D,bachelor's degree,free/reduced,completed,68,24,85
832,female,group B,high school,standard,none,78,43,24
833,female,group A,bachelor's degree,free/reduced,none,33,81,74
834,male,group A,some college,standard,completed,72,35,29
835,female,group A,bachelor's degree,standard,completed,91,42,59
836,male,group C,high school,standard,none,100,65,84
837,female,group D,master's degree,standard,completed,64,74,63
838,male,group C,master's degree,standard,completed,53,39,71
839,female,group E,associate's degree,standard,none,68,62,38
840,male,group D,some college,free/reduced,none,47,72,32
841,female,group C,associate's degree,free/reduced,completed,48,79,41
842,male,group A,master's degree,free/reduced,completed,37,66,93
843,female,group C,high school,free/reduced,completed,20,61,67
844,female,group A,some college,free/reduced,completed,43,56,40
845,male,group D,bachelor's degree,free/reduced,completed,47,78,28
846,female,group A,associate's degree,free/reduced,none,83,35,80
847,male,group C,some college,free/reduced,completed,73,78,99
848,female,group C,high school,free/reduced,none,100,34,49
849,male,group C,master's degree,standard,completed,84,66,52
850,female,group A,high school,free/reduced,none,68,60,82
851,female,group D,associate's degree,standard,none,86,53,52
852,female,group A,some high school,free/reduced,completed,79,59,79
853,female,group E,master's degree,standard,completed,48,79,71
854,female,group D,some high school,free/reduced,completed,48,35,67
855,female,group C,bachelor's degree,standard,completed,73,60,46
856,male,group B,master's degree,free/reduced,completed,60,33,74
857,female,group E,high school,standard,completed,55,38,59
858,male,group E,master's degree,free/reduced,none,56,73,76
859,female,group B,associate's degree,standard,completed,81,49,86
860,female,group D,master's degree,standard,completed,62,79,24
861,female,group A,some high school,free/reduced,completed,35,41,86
862,male,group B,bachelor's degree,free/reduced,none,78,85,83
863,male,group B,some high school,free/reduced,completed,95,78,87
864,male,group A,bachelor's degree,free/reduced,completed,93,99,64
865,female,group D,master's degree,standard,completed,28,67,98
866,male,group D,high school,standard,none,84,55,55
867,male,group A,some college,free/reduced,none,38,66,48
868,male,group E,master's degree,standard,completed,72,95,94
869,male,group C,some high school,standard,completed,22,62,33
870,female,group B,bachelor's degree,free/reduced,none,42,97,48
871,male,group D,associate's degree,free/reduced,none,80,80,60
872,female,group D,associate's degree,standard,none,28,32,92
873,male,group C,some high school,standard,none,67,70,24
874,female,group B,some college,standard,completed,30,83,45
875,male,group C,high school,free/reduced,none,74,67,99
876,female,group E,bachelor's degree,standard,completed,36,68,58
877,male,group D,some college,free/reduced,completed,67,23,37
878,female,group B,some high school,standard,none,62,68,28
879,female,group A,master's degree,free/reduced,none,91,48,66
880,male,group C,bachelor's degree,free/reduced,none,32,86,79
881,female,group A,some high school,standard,none,66,22,90
882,female,group B,bachelor's degree,free/reduced,none,71,29,26
883,male,group B,master's degree,free/reduced,completed,70,50,95
884,female,group D,associate's degree,standard,completed,25,47,27
885,male,group D,some college,free/reduced,none,21,71,71
886,female,group E,some high school,standard,none,69,79,85
887,female,group E,some high school,standard,none,56,30,99
888,male,group D,some high school,standard,completed,55,82,51
889,female,group D,some college,standard,completed,53,91,90
890,female,group A,bachelor's degree,free/reduced,completed,44,29,83
891,female,group A,high school,free/reduced,none,96,96,28
892,male,group D,associate's degree,free/reduced,none,58,30,87
893,female,group E,master's degree,standard,completed,97,79,73
894,male,group E,some college,free/reduced,none,44,53,56
895,male,group D,high school,free/reduced,completed,66,46,77
896,female,group B,bachelor's degree,standard,completed,31,93,32
897,female,group B,bachelor's degree,standard,completed,63,99,23
898,male,group E,high school,standard,none,58,34,95
899,male,group D,master's degree,standard,completed,81,22,67
900,female,group A,master's degree,standard,completed,35,84,54
901,female,group D,some college,free/reduced,none,47,84,83
902,male,group B,some college,free/reduced,none,89,40,78
903,female,group E,some college,standard,completed,96,38,68
904,male,group C,high school,free/reduced,none,94,32,30
905,male,group D,associate's degree,free/reduced,none,57,79,67
906,male,group E,associate's degree,standard,completed,75,35,76
907,female,group C,some high school,free/reduced,completed,43,22,96
908,male,group D,high school,standard,completed,70,42,66
909,female,group D,master's degree,standard,none,65,64,57
910,female,group A,bachelor's degree,standard,none,39,50,45
911,female,group E,associate's degree,standard,completed,76,20,72
912,male,group E,high school,free/reduced,completed,89,79,29
913,female,group C,some college,standard,none,75,68,90
914,female,group A,some college,standard,completed,94,39,28
915,male,group E,high school,free/reduced,none,72,93,24
916,female,group D,high school,free/reduced,completed,59,36,74
917,female,group A,some college,free/reduced,none,37,37,92
918,male,group A,some high school,standard,none,86,68,61
919,male,group A,associate's degree,free/reduced,none,43,21,60
920,male,group B,some college,standard,none,100,98,82
921,female,group B,associate's degree,free/reduced,none,39,24,26
922,male,group C,high school,free/reduced,completed,87,56,67
923,male,group E,some high school,standard,completed,84,93,59
924,female,group E,associate's degree,standard,completed,90,79,47
925,male,group D,associate's degree,standard,completed,55,76,22
926,male,group B,some high school,standard,completed,37,24,67
927,male,group B,some college,free/reduced,completed,43,36,26
928,female,group E,associate's degree,free/reduced,completed,27,30,86
929,male,group E,master's degree,standard,completed,85,87,100
930,female,group E,high school,free/reduced,none,54,28,76
931,female,group A,some college,standard,none,53,95,82
932,female,group B,bachelor's degree,standard,none,88,95,37
933,female,group A,high school,standard,none,32,86,60
934,male,group B,some college,standard,completed,95,55,91
935,female,group A,associate's degree,free/reduced,none,57,86,31
936,male,group A,associate's degree,standard,none,73,73,68
937,male,group B,associate's degree,free/reduced,completed,51,84,77
938,male,group C,high school,free/reduced,none,88,53,60
939,male,group B,master's degree,free/reduced,completed,43,27,72
940,male,group D,associate's degree,free/reduced,none,82,93,74
941,male,group B,associate's degree,standard,none,66,48,82
942,female,group B,high school,standard,none,77,75,76
943,female,group B,some high school,free/reduced,completed,66,74,82
944,male,group E,associate's degree,free/reduced,none,90,53,31
945,female,group C,bachelor's degree,free/reduced,none,64,34,78
946,female,group E,high school,free/reduced,none,85,49,31
947,male,group D,associate's degree,standard,completed,53,36,60
948,female,group A,some high school,standard,completed,40,68,57
949,female,group C,some high school,standard,completed,47,89,78
950,male,group E,some college,standard,none,26,87,95
951,female,group B,some college,standard,none,29,82,48
952,female,group E,some college,standard,completed,70,36,20
953,female,group B,bachelor's degree,standard,completed,52,69,91
954,female,group C,bachelor's degree,free/reduced,completed,37,48,52
955,male,group C,some high school,free/reduced,none,78,78,48
956,male,group C,high school,free/reduced,completed,45,90,64
957,female,group B,associate's degree,free/reduced,completed,50,90,64
958,female,group E,some high school,standard,none,97,70,42
959,male,group C,master's degree,free/reduced,none,70,35,87
960,male,group D,high school,free/reduced,none,40,31,51
961,female,group D,associate's degree,free/reduced,none,67,62,71
962,male,group B,associate's degree,standard,completed,32,98,79
963,female,group B,associate's degree,free/reduced,none,75,70,99
964,female,group C,high school,standard,none,64,75,75
965,female,group B,high school,free/reduced,completed,96,99,56
966,female,group B,associate's degree,standard,completed,99,21,29
967,male,group A,high school,standard,none,26,81,28
968,male,group A,associate's degree,standard,none,73,67,87
969,female,group C,associate's degree,standard,completed,70,46,71
970,female,group B,associate's degree,standard,none,69,32,65
971,female,group C,master's degree,free/reduced,none,54,85,88
972,male,group D,bachelor's degree,free/reduced,completed,91,57,63
973,female,group D,bachelor's degree,free/reduced,completed,73,71,48
974,male,group B,associate's degree,free/reduced,completed,78,81,20
975,male,group A,bachelor's degree,free/reduced,completed,21,56,95
976,female,group E,some high school,free/reduced,completed,34,51,89
977,male,group A,some high school,free/reduced,none,61,35,69
978,female,group B,master's degree,standard,none,62,39,96
979,female,group A,associate's degree,free/reduced,none,80,44,29
980,male,group C,associate's degree,free/reduced,none,81,23,27
981,female,group C,associate's degree,free/reduced,completed,23,74,45
982,male,group C,master's degree,standard,none,38,94,90
983,male,group B,associate's degree,free/reduced,none,26,76,60
984,female,group E,some high school,free/reduced,completed,24,34,65
985,female,group A,some high school,free/reduced,none,53,69,78
986,female,group B,associate's degree,standard,completed,42,80,33
987,female,group A,master's degree,free/reduced,none,43,90,22
988,female,group E,some high school,free/reduced,completed,81,96,40
989,male,group E,master's degree,standard,completed,25,75,84
990,male,group A,master's degree,standard,completed,93,42,73
991,female,group D,associate's degree,free/reduced,completed,42,79,40
992,male,group D,some college,free/reduced,none,43,68,68
993,female,group E,master's degree,standard,completed,86,82,89
994,female,group E,associate's degree,free/reduced,completed,54,89,80
995,male,group E,some college,free/reduced,completed,99,80,65
996,female,group C,associate's degree,standard,none,46,22,29
997,female,group C,associate's degree,standard,completed,42,89,75
998,male,group B,associate's degree,standard,completed,24,23,81
999,male,group D,high school,standard,completed,45,21,40
1000,male,group C,some college,standard,completed,38,54,75
1000,male,group C,some college,standard,completed,38,54,75
1000,male,group C,some college,standard,completed,38,54,75